artist,created_at,updated_at
AB6IX,220117,220131
aespa,211005,220430
Apink,220214,220228
ATEEZ,211210,220131
BAE173,220330,220430
BamBam,220118,220131
Bang Yongguk,220302,220331
Billlie,220223,220430
Blitzers,220103,220131
Bolbbalgan4,220420,220430
Brave Girls,220315,220331
BTOB,220221,220331
Choi Yena,220117,220331
Cravity,220322,220430
Cherry Bullet,220302,220331
Def.,220126,220131
DKZ,220412,220430
Dreamcatcher,220412,220430
Drippin,220117,220430
E'LAST,220427,220430
Enhypen,211012,220430
Enhypen,220110,220430
Epex,220411,220430
Epik High,220214,220228
Eric Nam,220107,220430
Everglow,211201,220131
fromis_9,220117,220331
(G)I-dle,220314,220430
Ghost9,220407,220430
Ha Sungwoon,220209,220228
Highlight,220321,220430
ILY:1,220404,220430
IVE,211201,220430
IVE,220405,220430
Jinjin & Rocky,220117,220228
Just B,220414,220430
Kai,211130,220131
Kang Hyewon,220104,220131
Kep1er,220103,220430
Kihyun,220315,220430
Kim Jaehwan,211228,220131
Kim Junsu,220317,220430
Kim Sungkyu,220422,220430
Kim Wooseok,220307,220331
Kim Yohan,220110,220131
Kingdom,220331,220430
Kwon Eunbi,220404,220430
Kyuhyun,220125,220228
Lee Seokhoon,220324,220331
Lee Seungyoon,211124,220228
Lisa,210910,220430
LUNA,220117,220131
Max Changmin,220113,220228
Mirae,220112,220131
Miyeon,220427,220430
Monsta X,211119,220228
Monsta X,220426,220430
Moonbin & Sanha,220315,220430
Moonbyul,220119,220228
Moonbyul,220428,220430
NCT 127,210917,220430
NCT 127,211025,220331
NCT 2021,211214,220430
NCT Dream,220328,220430
NINE.i,220330,220430
NMIXX,220222,220430
NU'EST,220315,220331
Oh My Girl,220328,220430
Omega X,220105,220131
Onew,220411,220430
ONEWE,220104,220228
ONF,211203,220131
OnlyOneOf,220114,220131
P1Harmony,220103,220131
Pentagon,220124,220228
Purple Kiss,220329,220331
Ravi,220208,220228
Red Velvet,220321,220430
Rocket Punch,220228,220430
Seventeen,211022,220430
Solar,220316,220430
SMTOWN,211227,220131
SMTOWN,211227,220331
SMTOWN,211227,220331
SMTOWN,211227,220331
SMTOWN,211227,220331
SMTOWN,211227,220331
SMTOWN,211227,220131
SMTOWN,211227,220331
SMTOWN,211227,220131
SMTOWN,211227,220131
Suho,220404,220430
StayC,220221,220430
Stray Kids,211129,220430
Stray Kids,220318,220430
Super Junior,220228,220430
Super Junior - D&E,211209,220131
Taeyeon,220214,220430
Tempest,220302,220430
Tan,220310,220430
The Boyz,211101,220228
The Boyz,220318,220331
Treasure,220215,220430
Trendz,220105,220131
Twice,211217,220331
UP10TION,220103,220430
Verivery,220425,220430
Victon,220118,220228
Viviz,220210,220228
Weeekly,220307,220331
WEi,220316,220331
Wheein,220117,220131
Wonho,220216,220331
Wonpil,220210,220228
WJSN Chocome,220105,220131
Younha,220330,220331
Yoon Jisung,220427,220430
Younite,220422,220430
Yuju,220121,220131
